Desafio 1;6
Desafio 2;6
Desafio 3;6
Desafio 4;6
Desafio 5;6
Desafio 6;6
Desafio 7;6
Desafio 8;6
Desafio 9;6
Desafio 10;5
Desafio 11;5
Desafio 12;5
Desafio 13;3
Desafio 14;3
Desafio 15;3
Desafio 16;3
Desafio 17;3
Desafio 18;3
Desafio 19;3
Desafio 20;3
Desafio 21;3
Desafio 22;1
Desafio 23;1
Desafio 24;1
Desafio 25;1
Desafio 26;1
Desafio 27;1
Desafio 28;1
Desafio 29;1
Desafio 30;1
Desafio 31;2
Desafio 32;2
Desafio 33;2
Desafio 34;2
Desafio 35;2
Desafio 36;2
Desafio 37;2
Desafio 38;2
Desafio 39;2
Desafio 40;4
Desafio 41;4
Desafio 42;4
Desafio 43;4
Desafio 44;4
Desafio 45;4
Desafio 46;4
Desafio 47;4
Desafio 48;4
Desafio 49;6
Desafio 50;6
Desafio 51;6
Desafio 52;6
Desafio 53;6
Desafio 54;6
Desafio 55;6
Desafio 56;6
Desafio 57;6
Desafio 58;5
Desafio 59;5
Desafio 60;5
Desafio 61;3
Desafio 62;3
Desafio 63;3
Desafio 64;3
Desafio 65;3
Desafio 66;3
Desafio 67;3
Desafio 68;3
Desafio 69;3
Desafio 70;1
Desafio 71;1
Desafio 72;1
Desafio 73;1
Desafio 74;1
Desafio 75;1
Desafio 76;1
Desafio 77;1
Desafio 78;1
Desafio 79;2
Desafio 80;2
Desafio 81;2
Desafio 82;2
Desafio 83;2
Desafio 84;2
Desafio 85;2
Desafio 86;2
Desafio 87;2
Desafio 88;4
Desafio 89;4
Desafio 90;4
Desafio 91;4
Desafio 92;4
Desafio 93;4
Desafio 94;4
Desafio 95;4
Desafio 96;4
Desafio 97;6
Desafio 98;6
Desafio 99;6
Desafio 100;6
Desafio 101;6
Desafio 102;6
Desafio 103;6
Desafio 104;6
Desafio 105;6
Desafio 106;5
Desafio 107;5
Desafio 108;5
Desafio 109;3
Desafio 110;3
Desafio 111;3
Desafio 112;3
Desafio 113;3
Desafio 114;3
Desafio 115;3
Desafio 116;3
Desafio 117;3
Desafio 118;1
Desafio 119;1
Desafio 120;1
Desafio 121;1
Desafio 122;1
Desafio 123;1
Desafio 124;1
Desafio 125;1
Desafio 126;1
Desafio 127;2
Desafio 128;2
Desafio 129;2
Desafio 130;2
Desafio 131;2
Desafio 132;2
Desafio 133;2
Desafio 134;2
Desafio 135;2
Desafio 136;4
Desafio 137;4
Desafio 138;4
Desafio 139;4
Desafio 140;4
Desafio 141;4
Desafio 142;4
Desafio 143;4
Desafio 144;4
Desafio 145;6
Desafio 146;6
Desafio 147;6
Desafio 148;6
Desafio 149;6
Desafio 150;6
Desafio 151;6
Desafio 152;6
Desafio 153;6
Desafio 154;5
Desafio 155;5
Desafio 156;5
Desafio 157;3
Desafio 158;3
Desafio 159;3
Desafio 160;3
Desafio 161;3
Desafio 162;3
Desafio 163;3
Desafio 164;3
Desafio 165;3
Desafio 166;1
Desafio 167;1
Desafio 168;1
Desafio 169;1
Desafio 170;1
Desafio 171;1
Desafio 172;1
Desafio 173;1
Desafio 174;1
Desafio 175;2
Desafio 176;2
Desafio 177;2
Desafio 178;2
Desafio 179;2
Desafio 180;2
Desafio 181;2
Desafio 182;2
Desafio 183;2
Desafio 184;4
Desafio 185;4
Desafio 186;4
Desafio 187;4
Desafio 188;4
Desafio 189;4
Desafio 190;4
Desafio 191;4
Desafio 192;4
Desafio 193;6
Desafio 194;6
Desafio 195;6
Desafio 196;6
Desafio 197;6
Desafio 198;6
Desafio 199;6
Desafio 200;6
Desafio 201;6
Desafio 202;5
Desafio 203;5
Desafio 204;5
Desafio 205;3
Desafio 206;3
Desafio 207;3
Desafio 208;3
Desafio 209;3
Desafio 210;3
Desafio 211;3
Desafio 212;3
Desafio 213;3
Desafio 214;1
Desafio 215;1
Desafio 216;1
Desafio 217;1
Desafio 218;1
Desafio 219;1
Desafio 220;1
Desafio 221;1
Desafio 222;1
Desafio 223;2
Desafio 224;2
Desafio 225;2
Desafio 226;2
Desafio 227;2
Desafio 228;2
Desafio 229;2
Desafio 230;2
Desafio 231;2
Desafio 232;4
Desafio 233;4
Desafio 234;4
Desafio 235;4
Desafio 236;4
Desafio 237;4
Desafio 238;4
Desafio 239;4
Desafio 240;4
Desafio 241;6
Desafio 242;6
Desafio 243;6
Desafio 244;6
Desafio 245;6
Desafio 246;6
Desafio 247;6
Desafio 248;6
Desafio 249;6
Desafio 250;5
Desafio 251;5
Desafio 252;5
Desafio 253;3
Desafio 254;3
Desafio 255;3
Desafio 256;3
Desafio 257;3
Desafio 258;3
Desafio 259;3
Desafio 260;3
Desafio 261;3
Desafio 262;1
Desafio 263;1
Desafio 264;1
Desafio 265;1
Desafio 266;1
Desafio 267;1
Desafio 268;1
Desafio 269;1
Desafio 270;1
Desafio 271;2
Desafio 272;2
Desafio 273;2
Desafio 274;2
Desafio 275;2
Desafio 276;2
Desafio 277;2
Desafio 278;2
Desafio 279;2
Desafio 280;4
Desafio 281;4
Desafio 282;4
Desafio 283;4
Desafio 284;4
Desafio 285;4
Desafio 286;4
Desafio 287;4
Desafio 288;4
Desafio 289;6
Desafio 290;6
Desafio 291;6
Desafio 292;6
Desafio 293;6
Desafio 294;6
Desafio 295;6
Desafio 296;6
Desafio 297;6
Desafio 298;5
Desafio 299;5
Desafio 300;5
Desafio 301;3
Desafio 302;3
Desafio 303;3
Desafio 304;3
Desafio 305;3
Desafio 306;3
Desafio 307;3
Desafio 308;3
Desafio 309;3
Desafio 310;1
Desafio 311;1
Desafio 312;1
Desafio 313;1
Desafio 314;1
Desafio 315;1
Desafio 316;1
Desafio 317;1
Desafio 318;1
Desafio 319;2
Desafio 320;2
Desafio 321;2
Desafio 322;2
Desafio 323;2
Desafio 324;2
Desafio 325;2
Desafio 326;2
Desafio 327;2
Desafio 328;4
Desafio 329;4
Desafio 330;4
Desafio 331;4
Desafio 332;4
Desafio 333;4
Desafio 334;4
Desafio 335;4
Desafio 336;4
Desafio 337;6
Desafio 338;6
Desafio 339;6
Desafio 340;6
Desafio 341;6
Desafio 342;6
Desafio 343;6
Desafio 344;6
Desafio 345;6
Desafio 346;5
Desafio 347;5
Desafio 348;5
Desafio 349;3
Desafio 350;3
Desafio 351;3
Desafio 352;3
Desafio 353;3
Desafio 354;3
Desafio 355;3
Desafio 356;3
Desafio 357;3
Desafio 358;1
Desafio 359;1
Desafio 360;1
Desafio 361;1
Desafio 362;1
Desafio 363;1
Desafio 364;1
Desafio 365;1
Desafio 366;1
Desafio 367;2
Desafio 368;2
Desafio 369;2
Desafio 370;2
Desafio 371;2
Desafio 372;2
Desafio 373;2
Desafio 374;2
Desafio 375;2
Desafio 376;4
Desafio 377;4
Desafio 378;4
Desafio 379;4
Desafio 380;4
Desafio 381;4
Desafio 382;4
Desafio 383;4
Desafio 384;4
Desafio 385;6
Desafio 386;6
Desafio 387;6
Desafio 388;6
Desafio 389;6
Desafio 390;6
Desafio 391;6
Desafio 392;6
Desafio 393;6
Desafio 394;5
Desafio 395;5
Desafio 396;5
Desafio 397;3
Desafio 398;3
Desafio 399;3
Desafio 400;3
Desafio 401;3
Desafio 402;3
Desafio 403;3
Desafio 404;3
Desafio 405;3
Desafio 406;1
Desafio 407;1
Desafio 408;1
Desafio 409;1
Desafio 410;1
Desafio 411;1
Desafio 412;1
Desafio 413;1
Desafio 414;1
Desafio 415;2
Desafio 416;2
Desafio 417;2
Desafio 418;2
Desafio 419;2
Desafio 420;2
Desafio 421;2
Desafio 422;2
Desafio 423;2
Desafio 424;4
Desafio 425;4
Desafio 426;4
Desafio 427;4
Desafio 428;4
Desafio 429;4
Desafio 430;4
Desafio 431;4
Desafio 432;4
Desafio 433;6
Desafio 434;6
Desafio 435;6
Desafio 436;6
Desafio 437;6
Desafio 438;6
Desafio 439;6
Desafio 440;6
Desafio 441;6
Desafio 442;5
Desafio 443;5
Desafio 444;5
Desafio 445;3
Desafio 446;3
Desafio 447;3
Desafio 448;3
Desafio 449;3
Desafio 450;3
Desafio 451;3
Desafio 452;3
Desafio 453;3
Desafio 454;1
Desafio 455;1
Desafio 456;1
Desafio 457;1
Desafio 458;1
Desafio 459;1
Desafio 460;1
Desafio 461;1
Desafio 462;1
Desafio 463;2
Desafio 464;2
Desafio 465;2
Desafio 466;2
Desafio 467;2
Desafio 468;2
Desafio 469;2
Desafio 470;2
Desafio 471;2
Desafio 472;4
Desafio 473;4
Desafio 474;4
Desafio 475;4
Desafio 476;4
Desafio 477;4
Desafio 478;4
Desafio 479;4
Desafio 480;4
Desafio 481;6
Desafio 482;6
Desafio 483;6
Desafio 484;6
Desafio 485;6
Desafio 486;6
Desafio 487;6
Desafio 488;6
Desafio 489;6
Desafio 490;5
Desafio 491;5
Desafio 492;5
Desafio 493;3
Desafio 494;3
Desafio 495;3
Desafio 496;3
Desafio 497;3
Desafio 498;3
Desafio 499;3
Desafio 500;3
Desafio 501;3
Desafio 502;1
Desafio 503;1
Desafio 504;1
Desafio 505;1
Desafio 506;1
Desafio 507;1
Desafio 508;1
Desafio 509;1
Desafio 510;1
Desafio 511;2
Desafio 512;2
Desafio 513;2
Desafio 514;2
Desafio 515;2
Desafio 516;2
Desafio 517;2
Desafio 518;2
Desafio 519;2
Desafio 520;4
Desafio 521;4
Desafio 522;4
Desafio 523;4
Desafio 524;4
Desafio 525;4
Desafio 526;4
Desafio 527;4
Desafio 528;4
Desafio 529;6
Desafio 530;6
Desafio 531;6
Desafio 532;6
Desafio 533;6
Desafio 534;6
Desafio 535;6
Desafio 536;6
Desafio 537;6
Desafio 538;5
Desafio 539;5
Desafio 540;5
Desafio 541;3
Desafio 542;3
Desafio 543;3
Desafio 544;3
Desafio 545;3
Desafio 546;3
Desafio 547;3
Desafio 548;3
Desafio 549;3
Desafio 550;1
Desafio 551;1
Desafio 552;1
Desafio 553;1
Desafio 554;1
Desafio 555;1
Desafio 556;1
Desafio 557;1
Desafio 558;1
Desafio 559;2
Desafio 560;2
Desafio 561;2
Desafio 562;2
Desafio 563;2
Desafio 564;2
Desafio 565;2
Desafio 566;2
Desafio 567;2
Desafio 568;4
Desafio 569;4
Desafio 570;4
Desafio 571;4
Desafio 572;4
Desafio 573;4
Desafio 574;4
Desafio 575;4
Desafio 576;4
Desafio 577;6
Desafio 578;6
Desafio 579;6
Desafio 580;6
Desafio 581;6
Desafio 582;6
Desafio 583;6
Desafio 584;6
Desafio 585;6
Desafio 586;5
Desafio 587;5
Desafio 588;5
Desafio 589;3
Desafio 590;3
Desafio 591;3
Desafio 592;3
Desafio 593;3
Desafio 594;3
Desafio 595;3
Desafio 596;3
Desafio 597;3
Desafio 598;1
Desafio 599;1
Desafio 600;1
Desafio 601;1
Desafio 602;1
Desafio 603;1
Desafio 604;1
Desafio 605;1
Desafio 606;1
Desafio 607;2
Desafio 608;2
Desafio 609;2
Desafio 610;2
Desafio 611;2
Desafio 612;2
Desafio 613;2
Desafio 614;2
Desafio 615;2
Desafio 616;4
Desafio 617;4
Desafio 618;4
Desafio 619;4
Desafio 620;4
Desafio 621;4
Desafio 622;4
Desafio 623;4
Desafio 624;4
Desafio 625;6
Desafio 626;6
Desafio 627;6
Desafio 628;6
Desafio 629;6
Desafio 630;6
Desafio 631;6
Desafio 632;6
Desafio 633;6
Desafio 634;5
Desafio 635;5
Desafio 636;5
Desafio 637;3
Desafio 638;3
Desafio 639;3
Desafio 640;3
Desafio 641;3
Desafio 642;3
Desafio 643;3
Desafio 644;3
Desafio 645;3
Desafio 646;1
Desafio 647;1
Desafio 648;1
Desafio 649;1
Desafio 650;1
Desafio 651;1
Desafio 652;1
Desafio 653;1
Desafio 654;1
Desafio 655;2
Desafio 656;2
Desafio 657;2
Desafio 658;2
Desafio 659;2
Desafio 660;2
Desafio 661;2
Desafio 662;2
Desafio 663;2
Desafio 664;4
Desafio 665;4
Desafio 666;4
Desafio 667;4
Desafio 668;4
Desafio 669;4
Desafio 670;4
Desafio 671;4
Desafio 672;4
Desafio 673;6
Desafio 674;6
Desafio 675;6
Desafio 676;6
Desafio 677;6
Desafio 678;6
Desafio 679;6
Desafio 680;6
Desafio 681;6
Desafio 682;5
Desafio 683;5
Desafio 684;5
Desafio 685;3
Desafio 686;3
Desafio 687;3
Desafio 688;3
Desafio 689;3
Desafio 690;3
Desafio 691;3
Desafio 692;3
Desafio 693;3
Desafio 694;1
Desafio 695;1
Desafio 696;1
Desafio 697;1
Desafio 698;1
Desafio 699;1
Desafio 700;1
Desafio 701;1
Desafio 702;1
Desafio 703;2
Desafio 704;2
Desafio 705;2
Desafio 706;2
Desafio 707;2
Desafio 708;2
Desafio 709;2
Desafio 710;2
Desafio 711;2
Desafio 712;4
Desafio 713;4
Desafio 714;4
Desafio 715;4
Desafio 716;4
Desafio 717;4
Desafio 718;4
Desafio 719;4
Desafio 720;4
Desafio 721;6
Desafio 722;6
Desafio 723;6
Desafio 724;6
Desafio 725;6
Desafio 726;6
Desafio 727;6
Desafio 728;6
Desafio 729;6
Desafio 730;5
Desafio 731;5
Desafio 732;5
Desafio 733;3
Desafio 734;3
Desafio 735;3
Desafio 736;3
Desafio 737;3
Desafio 738;3
Desafio 739;3
Desafio 740;3
Desafio 741;3
Desafio 742;1
Desafio 743;1
Desafio 744;1
Desafio 745;1
Desafio 746;1
Desafio 747;1
Desafio 748;1
Desafio 749;1
Desafio 750;1
Desafio 751;2
Desafio 752;2
Desafio 753;2
Desafio 754;2
Desafio 755;2
Desafio 756;2
Desafio 757;2
Desafio 758;2
Desafio 759;2
Desafio 760;4
Desafio 761;4
Desafio 762;4
Desafio 763;4
Desafio 764;4
Desafio 765;4
Desafio 766;4
Desafio 767;4
Desafio 768;4